mouse_id,cal_day,day,control_joint,trials,rewards,fll_based_rewards,flr_based_rewards,fll_totaldist,flr_totaldist,pca_dims_brain,pca_dims_behavior,pca_dims_dlc,group
FW2_ai94,20230713093219,1,fl_l,60,33,32,27,5.234089361463331,4.565215247185561,,,,grp1
FW2_ai94,20230714142401,2,fl_l,60,37,38,27,6.52487939629117,6.366040185115882,,,,grp1
FW2_ai94,20230715150110,3,fl_l,60,37,38,34,6.514148271912533,7.020316085968247,,,,grp1
FW2_ai94,20230727115344,4,fl_l,60,35,33,38,4.240281611219174,4.004636041852229,,,,grp1
FW2_ai94,20231005133430,5,fl_r,60,26,18,28,3.7325588634853895,3.3834304961012616,,,,grp1
FW2_ai94,20231006201341,6,fl_r,60,51,19,50,4.773976361839399,5.489618632613262,,,,grp1
FW2_ai94,20231007184739,7,fl_r,60,47,24,47,5.36162819490809,5.556690607201247,,,,grp1
FW2_ai94,20231008202522,8,fl_r,60,56,21,54,5.825886163005479,8.053155035555175,,,,grp1
FW2_ai94,20231009205217,9,fl_r,60,59,24,59,7.735501676231912,10.68660672025504,,,,grp1
FW2_ai94,20231010222031,10,fl_r,60,55,24,55,8.233545366822774,9.700247678697082,,,,grp1
FW3_ai94,20230718152702,1,fl_l,60,21,21,15,4.564900788951079,3.4115336170383057,,,,grp1
FW3_ai94,20230719153049,2,fl_l,60,33,32,26,4.742831143951475,3.1934589782512437,,,,grp1
FW3_ai94,20230724114613,3,fl_l,60,29,29,24,6.481199295475608,4.640628082802783,,,,grp1
FW3_ai94,20230728133019,4,fl_l,60,38,38,25,6.292139905133406,5.852615769378419,,,,grp1
FW3_ai94,20231005150125,5,fl_r,60,17,19,18,4.291017700979943,2.777856371151982,,,,grp1
FW3_ai94,20231006204648,6,fl_r,60,39,34,39,8.363176663343845,5.092011106785011,,,,grp1
FW3_ai94,20231007195655,7,fl_r,60,41,35,41,9.86744149835557,6.167184291759984,,,,grp1
FW3_ai94,20231008213451,8,fl_r,60,54,46,53,14.220799593639644,10.40951015422536,,,,grp1
FW3_ai94,20231009212401,9,fl_r,60,52,34,50,11.36018861660534,11.307417775236802,,,,grp1
FW3_ai94,20231010205924,10,fl_r,60,47,34,45,11.351934326855414,11.06230574535891,,,,grp1
FW22_ai94,20230719145008,1,fl_l,60,28,30,26,3.579372967111946,3.010872316397642,,,,grp1
FW22_ai94,20230726120938,2,fl_l,60,46,47,32,4.462513609434441,4.158581813396094,,,,grp1
FW22_ai94,20230727123743,3,fl_l,60,41,41,27,7.378295966758724,7.538406646017563,,,,grp1
FW22_ai94,20230728145647,4,fl_l,60,41,41,21,4.817415620936868,5.547408582093016,,,,grp1
FW22_ai94,20231005141812,5,fl_r,60,36,33,36,5.120877889087787,5.254289476076976,,,,grp1
FW22_ai94,20231006193536,6,fl_r,60,58,37,59,12.128364789580631,13.817779852402449,,,,grp1
FW22_ai94,20231007192209,7,fl_r,60,49,36,49,9.620160859218876,10.52867263901096,,,,grp1
FW22_ai94,20231008205744,8,fl_r,60,59,48,60,14.642090789977642,13.432290793257259,,,,grp1
FW22_ai94,20231009201617,9,fl_r,60,58,45,58,15.956933395966747,16.279239441477383,,,,grp1
FW22_ai94,20231010213842,10,fl_r,60,58,47,58,16.840066359560236,15.329728762396254,,,,grp1
GT3_tta,20230715125437,1,fl_l,60,22,23,17,3.491953093960758,4.247006578901275,,,,grp1
GT3_tta,20230718193910,2,fl_l,60,38,40,42,4.890332647653151,4.993131192928474,,,,grp1
GT3_tta,20230720115236,3,fl_l,60,40,41,18,5.105494577565795,5.043210938722389,,,,grp1
GT3_tta,20230727140157,4,fl_l,60,55,56,40,10.925271768987725,10.549973972814294,,,,grp1
GT3_tta,20231005155324,5,fl_r,60,45,52,46,6.932412447542283,7.232934504958485,,,,grp1
GT3_tta,20231006190012,6,fl_r,60,48,38,50,6.16670917320645,6.503296803111959,,,,grp1
GT3_tta,20231007211118,7,fl_r,60,47,43,47,8.168004136016355,8.861139231226366,,,,grp1
GT3_tta,20231008194318,8,fl_r,60,45,39,45,7.005948646775741,7.071426266930016,,,,grp1
GT3_tta,20231009183526,9,fl_r,60,50,44,49,7.622859165157951,7.855704966885131,,,,grp1
GT3_tta,20231010193655,10,fl_r,60,57,45,58,9.117112812929989,10.36803596704099,,,,grp1
GT33_tta,20230719114123,1,fl_l,60,22,23,11,3.2761819009748847,2.9989803702621813,,,,grp1
GT33_tta,20230720142931,2,fl_l,60,32,32,33,5.12487499063901,5.573833682673338,,,,grp1
GT33_tta,20230727131632,3,fl_l,60,33,34,23,2.643912668911932,3.3562415174060307,,,,grp1
GT33_tta,20230728121232,4,fl_l,60,46,47,40,7.935662282249822,11.198142617155478,,,,grp1
GT33_tta,20231005163318,5,fl_r,60,17,18,21,2.003860425628577,2.696444623840727,,,,grp1
GT33_tta,20231006182241,6,fl_r,60,54,20,53,9.375203532877434,12.845860500190717,,,,grp1
GT33_tta,20231007203445,7,fl_r,60,57,25,58,9.654119745330862,14.07688753580092,,,,grp1
GT33_tta,20231008190433,8,fl_r,60,51,35,51,9.13462241212119,12.566619879817006,,,,grp1
GT33_tta,20231009191240,9,fl_r,60,59,42,58,12.281186485820568,14.340334622363764,,,,grp1
GT33_tta,20231010200954,10,fl_r,60,58,20,59,10.255786521023326,18.904728104186013,,,,grp1
HA2+_tta,20230719131104,1,fl_l,60,22,23,20,3.5207347843164367,4.175310722162818,,,,grp1
HA2+_tta,20230720105903,2,fl_l,60,24,25,31,1.7871708544146154,1.820954186967014,,,,grp1
HA2+_tta,20230726160956,3,fl_l,60,36,36,35,29.225864253605042,38.82481749190671,,,,grp1
HA2+_tta,20230727143620,4,fl_l,60,42,41,38,14.883922529231382,19.93015766356593,,,,grp1
HA2+_tta,20231005124517,5,fl_r,60,29,30,30,2.747435430781155,2.570800266218426,,,,grp1
HA2+_tta,20231006212344,6,fl_r,60,40,36,38,5.733621837638676,5.559169316324224,,,,grp1
HA2+_tta,20231007223123,7,fl_r,60,27,20,25,3.3839762492107655,3.5198803569425574,,,,grp1
HA2+_tta,20231008182209,8,fl_r,60,29,21,31,2.4689113087740133,2.45901036782186,,,,grp1
HA2+_tta,20231009194550,9,fl_r,60,53,24,51,6.2516877748636706,6.783817993574553,,,,grp1
HA2+_tta,20231010182326,10,fl_r,60,39,33,39,4.179920348531646,4.306022515388393,,,,grp1
BR1_vgat-ai203,20231201171555,1,fl_l,60,22,23,12,2.719060099570005,2.4399498268552753,,,,grp2
BR1_vgat-ai203,20231202173315,2,fl_l,60,30,31,16,4.358272495192055,4.051715413646865,,,,grp2
BR1_vgat-ai203,20231203200705,3,fl_l,60,41,41,29,6.079771876598144,4.554602155324743,,,,grp2
BR2_vgat-ai203,20231201181053,1,fl_l,60,34,36,30,3.7456027716776794,3.960771325427365,,,,grp2
BR2_vgat-ai203,20231202181809,2,fl_l,60,36,39,36,7.993306891574003,6.5195151343681434,,,,grp2
BR2_vgat-ai203,20231203204540,3,fl_l,60,34,37,27,3.4504315294560577,6.792979507359534,,,,grp2
BR1_vgat-ai203,20231204181734,3,fl_l,60,24,25,22,2.08018689779576,2.2136270387054,0.0,,,grp2
BR2_vgat-ai203,20231204190433,3,fl_l,60,48,52,39,4.68652471098941,5.475287459961032,0.0,,,grp2
BR1_vgat-ai203,20231205183333,4,fl_l,60,34,33,23,3.51527751898327,3.580305988704352,,,,grp2
BR2_vgat-ai203,20231205191507,4,fl_l,60,59,60,51,7.709701639711602,8.102492753461911,,,,grp2
BR1_vgat-ai203,20231206192209,5,fl_l,60,42,41,38,5.14840991264855,6.28268859645715,0.0,,,grp2
BR1_vgat-ai203,20231207190817,6,fl_l,60,39,38,32,3.82401997841325,4.882075784464661,0.0,,,grp2
BR2_vgat-ai203,20231206183413,5,fl_l,60,34,36,31,3.6188066541551502,3.45039582087007,0.0,,,grp2
BR2_vgat-ai203,20231207182746,6,fl_l,60,41,42,38,4.16976852836044,4.22808776759573,0.0,,,grp2
BR1_vgat-ai203,20231208165931,5,fl_l,60,58,59,52,7.367871871456072,10.460034129823118,,,,grp2
BR2_vgat-ai203,20231208173350,5,fl_l,60,52,53,42,5.404840474945751,5.813268119451675,,,,grp2
BR1_vgat-ai203,20231209185144,6,fl_l,60,59,58,41,7.3331768967778626,12.408832585087621,,,,grp2
BR2_vgat-ai203,20231209192126,6,fl_l,60,55,55,50,7.787977317423742,10.583685449974423,,,,grp2
BR1_vgat-ai203,20231210172426,7,fl_l,60,52,52,52,5.749040613739188,9.142090996871454,,,,grp2
BR2_vgat-ai203,20231210175457,7,fl_l,60,56,56,45,10.488353240263349,11.270539112773942,,,,grp2
BR1_vgat-ai203,20231211175221,8,fl_l,60,59,56,50,7.857221927288366,10.643551704735351,,,,grp2
BR2_vgat-ai203,20231211182102,8,fl_l,60,48,50,43,4.719695984505468,5.5255535431125296,,,,grp2
BR1_vgat-ai203,20231212173600,9,fl_l,60,52,52,36,4.153012538452327,5.181193977642877,,,,grp2
BR2_vgat-ai203,20231212180948,9,fl_l,60,47,48,33,5.260565120350528,5.986515729412937,,,,grp2
BR1_vgat-ai203,20231213170816,10,fl_l,60,48,46,36,4.388519674606884,5.374312298258925,,,,grp2
BR2_vgat-ai203,20231213174317,10,fl_l,60,53,52,44,5.740880110981326,6.217677411634085,,,,grp2
GIL2_ai94,20231216083618,0,fl_l,60,37,37,35,6.57491053555094,6.790659568443672,0.0,,,grp3
GIL3_ai94,20231216092044,0,fl_l,60,36,36,41,8.70181084075533,9.53075802556582,0.0,,,grp3
GIR2_ai94,20231216100549,0,fl_l,60,38,39,33,5.05910262392707,4.4739188835127015,0.0,,,grp3
GIL2_ai94,20231217084737,1,fl_l,60,40,40,39,11.56588866447,12.316393181926301,0.0,,,grp3
GIL3_ai94,20231217103511,1,fl_l,60,35,36,36,5.19815624371229,4.81548687843185,0.0,,,grp3
GIR2_ai94,20231217093947,1,fl_l,60,35,34,27,6.039034601283048,5.48047817587829,0.0,,,grp3
GIL2_ai94,20231218104631,2,fl_l,60,44,45,29,11.3738560919395,11.411309108573198,0.0,,,grp3
GIL3_ai94,20231218113110,2,fl_l,60,27,28,31,3.55234233097698,4.14412050114068,0.0,,,grp3
GIR2_ai94,20231218122548,1,fl_l,60,27,27,28,3.612012515726762,3.6997496531502625,,,,grp3
GIL2_ai94,20231219103956,3,fl_l,60,46,45,33,21.7771793068113,24.957867999507297,0.0,,,grp3
GIL3_ai94,20231219113156,1,fl_l,60,21,23,25,4.01047725777659,4.597594139288805,,,,grp3
GIR2_ai94,20231219095034,3,fl_l,60,42,43,27,4.63861002669972,4.60083415370171,0.0,,,grp3
GIL2_ai94,20231220084824,4,fl_l,60,43,47,40,10.6333924367294,11.3479821083745,0.0,,,grp3
GIL3_ai94,20231220101221,2,fl_l,60,22,23,30,2.389996295897049,2.8806966271186387,,,,grp3
GIR2_ai94,20231220093357,2,fl_l,60,30,30,20,3.223755259936379,3.6542432002233434,,,,grp3
BR1_vgat-ai203,20231218140153,10,fl_l,60,53,52,44,5.705589357995549,8.66657885751447,0.0,,,grp2
BR1_vgat-ai203,20231219122749,11,fl_l,60,37,37,38,4.48521982543191,5.79677281592484,0.0,,,grp2
BR2_vgat-ai203,20231218132224,10,fl_l,60,45,46,34,6.210064238423669,6.11033348810737,0.0,,,grp2
GIL2_ai94,20231222093818,5,fl_l,60,40,40,38,15.7834939833305,17.488036435838698,0.0,,,grp3
GIL3_ai94,20231222102151,3,fl_l,60,23,24,30,3.2324993307796097,3.9363453122447964,,,,grp3
GIR2_ai94,20231222111147,3,fl_l,60,37,39,24,3.908673933699359,3.9697536742541333,,,,grp3
GIL2_ai94,20231223083903,6,fl_l,60,43,44,46,32.0669093510498,32.926351202949,0.0,,,grp3
GIL3_ai94,20231223092451,4,fl_l,60,30,30,27,2.8476412453365265,2.813555851146012,,,,grp3
GIR2_ai94,20231223100618,4,fl_l,60,31,33,22,2.87446633807516,2.7026546843812285,,,,grp3
GIL2_ai94,20231224120516,7,fl_l,60,43,45,36,8.6315089671697,8.259711112000481,0.0,,,grp3
GIL3_ai94,20231224111520,5,fl_l,60,29,30,28,2.703880093859936,3.0681258386366728,,,,grp3
GIR2_ai94,20231224103230,5,fl_l,60,35,36,21,3.9364162335493638,3.863595204037648,,,,grp3
GIL2_ai94,20231225092316,8,fl_l,60,44,46,33,8.19014849798702,7.42008135570221,0.0,,,grp3
GIL3_ai94,20231225104109,6,fl_l,60,33,34,31,3.171339121897202,3.2448801123076993,,,,grp3
GIR2_ai94,20231225100238,6,fl_l,60,37,37,19,3.573755877603126,3.145141423009874,,,,grp3
GIL2_ai94,20231226102450,9,fl_l,60,40,44,39,6.68598760995234,6.861982456748152,0.0,,,grp3
GIR2_ai94,20231226110706,7,fl_l,60,44,45,27,4.4797348114496796,4.305809454220877,,,,grp3
GIL3_ai94,20231226114530,7,fl_l,60,31,33,29,4.175540747984471,4.630185107753876,,,,grp3
GIL2_ai94,20231227082335,10,fl_l,60,41,41,38,5.1733598631158895,5.9541475723413,0.0,,,grp3
GIL3_ai94,20231227104006,8,fl_l,60,56,54,50,7.23374241883147,9.470876207289495,,,,grp3
GIR2_ai94,20231227111141,8,fl_l,60,30,32,14,2.832718761895097,2.9548394077496947,,,,grp3
GIL2_ai94,20231228093900,11,fl_l,60,52,50,28,8.90574745379041,8.80034386014851,0.0,,,grp3
GIL3_ai94,20231228102202,9,fl_l,60,53,52,43,6.368844602941793,7.4687702128967315,,,,grp3
GIR2_ai94,20231228110347,9,fl_l,60,34,35,23,4.185049014065186,4.623141044657068,,,,grp3
GER2_ai94,20231228115304,1,fl_l,60,32,32,22,2.51161925145488,3.31920658411567,0.0,,,grp4
GER3_ai94,20231228124007,0,fl_l,60,41,41,49,5.96644387315791,8.82127214941911,0.0,,,grp4
GIL2_ai94,20231229100645,12,fl_l,60,47,47,42,11.157498665740302,12.4172961352318,0.0,,,grp3
GIL3_ai94,20231229104814,10,fl_l,60,48,48,42,5.300029462297429,5.748257375370465,,,,grp3
GIR2_ai94,20231229112431,10,fl_l,60,35,36,18,3.632538686434343,3.3177415834396577,,,,grp3
GER2_ai94,20231229122202,1,fl_l,60,0,31,28,3.5214200037361496,4.60241556214358,0.0,,,grp4
GER3_ai94,20231229131229,1,fl_l,60,0,24,23,3.0650163572463702,4.13064613296818,0.0,,,grp4
GIL3_ai94,20231230092314,10,fl_l,60,30,30,34,3.1771890295335,3.3967331592850094,0.0,,,grp3
GIL2_ai94,20231230100513,13,fl_l,60,38,39,29,6.5563320922288,6.88342900031577,0.0,,,grp3
GIR2_ai94,20231230105148,10,fl_l,60,26,26,18,3.2460488133827203,3.4503150870110297,0.0,,,grp3
GER3_ai94,20231230114126,2,fl_l,60,0,33,20,3.94230276673333,5.64676509542235,0.0,,,grp4
GER2_ai94,20231230122158,2,fl_l,60,0,33,21,3.2432711874328195,3.07672528071926,0.0,,,grp4
GIL2_ai94,20231231103252,10,fl_l,60,57,56,42,14.5564061542249,13.419415386961601,0.0,,,grp3
GIL3_ai94,20231231115112,10,fl_l,60,56,55,29,7.2066301331654,6.72953827153963,0.0,,,grp3
GIR2_ai94,20231231111320,10,fl_l,60,49,48,25,7.22411621761956,5.40191324709675,0.0,,,grp3
GER2_ai94,20231231130923,3,fl_l,60,0,23,15,2.37022902128903,2.85559174781768,0.0,,,grp4
GER3_ai94,20231231123237,3,fl_l,60,0,47,34,4.9237954051911395,5.84124658415128,0.0,,,grp4
GER3_ai94,20240101082945,4,fl_l,60,0,36,28,8.20108899540137,8.835735072683837,0.0,,,grp4
GER2_ai94,20240101091051,4,fl_l,60,0,34,32,2.83376878196248,4.84763153428281,0.0,,,grp4
GER3_ai94,20240102100601,5,fl_l,60,0,36,21,6.7968390712848485,8.88141787764418,0.0,,,grp4
GER2_ai94,20240102104311,5,fl_l,60,0,41,26,2.73537030233881,4.244302058137101,0.0,,,grp4
HYR3_tta,20240102112554,0,fl_l,60,0,23,24,1.80559270385826,2.07920498224198,0.0,,,grp4
HYL3_tta,20240102121010,0,fl_l,60,0,18,13,2.38752895983512,2.44325851723097,0.0,,,grp4
HYL3_tta,20240103093142,0,fl_l,60,31,32,30,6.2960682940096,7.081001438454112,0.0,,,grp4
HYR3_tta,20240103101820,0,fl_l,60,34,35,37,7.674267001814378,7.58819884558465,0.0,,,grp4
GER2_ai94,20240103113854,2,fl_l,60,41,43,45,3.7871492677790695,5.62078038256593,0.0,,,grp4
GER3_ai94,20240103110331,1,fl_l,60,42,43,42,8.37389822172137,11.2754723010405,0.0,,,grp4
GER3_ai94,20240104110220,2,fl_l,60,38,40,30,5.95897934204313,7.90020746494383,0.0,,,grp4
HYL3_tta,20240104091947,1,fl_l,60,43,44,34,7.39452028618462,7.26231696515953,0.0,,,grp4
HYR3_tta,20240104102401,1,fl_l,60,49,50,41,7.271786150195,8.66465268635792,0.0,,,grp4
GER2_ai94,20240104114909,3,fl_l,60,47,49,47,4.0886559765378,5.07349637692145,0.0,,,grp4
GER2_ai94,20240105115359,4,fl_l,60,52,53,46,4.38452312531712,6.38713856999018,0.0,,,grp4
GER3_ai94,20240105122456,3,fl_l,60,39,42,36,7.5314109605728605,9.08196878297626,0.0,,,grp4
HYL3_tta,20240105111119,2,fl_l,60,28,27,23,4.790411404031589,6.237259579830543,0.0,,,grp4
HYR3_tta,20240105102746,2,fl_l,60,34,35,26,4.6338562455156,5.37177840710097,0.0,,,grp4
GER2_ai94,20240106114021,5,fl_l,60,52,50,45,4.964764811428211,6.97305197128487,0.0,,,grp4
GER3_ai94,20240106110726,4,fl_l,60,47,46,33,6.7279623656345,7.89068539557019,0.0,,,grp4
HYL3_tta,20240106094535,2,fl_l,60,45,43,31,8.68010784293645,11.0819227465659,0.0,,,grp4
HYR3_tta,20240106102539,3,fl_l,60,47,49,38,8.18492572170039,7.707873113249098,0.0,,,grp4
HYL3_tta,20240107110319,4,fl_l,60,31,33,25,6.01697248310196,5.31884623413396,0.0,,,grp4
HYR3_tta,20240107102655,4,fl_l,60,40,42,32,6.55225464983304,6.32883032471946,0.0,,,grp4
HYL3_tta,20240108100755,3,fl_l,60,55,54,31,8.625302462245719,8.403656204777029,0.0,,,grp4
HYR3_tta,20240108104115,5,fl_l,60,18,19,34,2.63731671998925,5.43309989893445,0.0,,,grp4
GER2_ai94,20240108112524,6,fl_l,60,56,53,35,6.32015036226616,7.11162342577221,0.0,,,grp4
GER3_ai94,20240108120054,5,fl_l,60,53,52,34,10.3365629384538,11.132293262686801,0.0,,,grp4
GER2_ai94,20240109105730,6,fl_l,60,41,40,32,5.72289295080192,7.188347199741019,0.0,,,grp4
GER3_ai94,20240109113620,6,fl_l,60,49,48,36,8.15832333658139,9.06146412417761,0.0,,,grp4
HYL3_tta,20240109102912,4,fl_l,60,54,52,35,8.96604299043959,8.13379791596625,0.0,,,grp4
HYR3_tta,20240109095146,5,fl_l,60,43,43,37,4.900655753180558,6.890648201338401,0.0,,,grp4
GER2_ai94,20240110114711,7,fl_l,60,48,46,38,5.23315465299093,6.62443692715052,0.0,,,grp4
GER3_ai94,20240110122246,6,fl_l,60,49,49,43,7.78476196162774,8.55190552206427,0.0,,,grp4
HYL3_tta,20240110105525,5,fl_l,60,55,56,27,11.1226472152553,11.7639061159889,0.0,,,grp4
HYR3_tta,20240110101016,6,fl_l,60,40,42,37,4.10518134956239,7.27770280186499,0.0,,,grp4
GER2_ai94,20240111123200,8,fl_l,60,48,49,41,6.60228128916307,8.18143956581308,0.0,,,grp4
GER3_ai94,20240111115018,7,fl_l,60,42,41,28,7.239462935459138,8.84746177703625,0.0,,,grp4
HYL3_tta,20240111103938,6,fl_l,60,56,53,15,9.519420020937961,7.48467418352028,0.0,,,grp4
HYR3_tta,20240111110659,7,fl_l,60,50,50,41,7.7949282381560305,10.425953730974301,0.0,,,grp4
GER2_ai94,20240112113443,9,fl_l,60,49,47,41,4.87846441504257,6.03201887867957,0.0,,,grp4
GER3_ai94,20240112120903,8,fl_l,60,47,47,28,7.330155208213428,8.04359203215506,0.0,,,grp4
HYL3_tta,20240112101929,7,fl_l,60,55,56,19,8.74331747532636,8.18914709247356,0.0,,,grp4
HYR3_tta,20240112105207,8,fl_l,60,35,36,9,5.8039214550767815,5.60355308175025,0.0,,,grp4
GER2_ai94,20240114114243,10,fl_l,60,50,51,43,11.5564258872122,12.9899647403339,0.0,,,grp4
GER3_ai94,20240114122153,9,fl_l,60,34,35,25,5.4022597703406285,7.0842002613618495,0.0,,,grp4
HYL3_tta,20240114110004,8,fl_l,60,56,50,20,12.2604952236486,11.9143817804841,0.0,,,grp4
HYR3_tta,20240114100615,9,fl_l,60,36,37,32,7.94269326115392,9.0270828939187,0.0,,,grp4
GER2_ai94,20240115110926,11,fl_l,60,42,44,40,7.36144562299051,9.28998768698949,0.0,,,grp4
HYL3_tta,20240115103227,9,fl_l,60,53,53,28,8.6676684825144,8.849470510460787,0.0,,,grp4
GER2_ai94,20240117120826,11,fl_l,60,56,56,46,10.293189181673599,10.446494230970401,0.0,,,grp4
GER2_ai94,20240117123513,12,fl_r,60,38,34,42,14.8201538358266,17.4415231433914,0.0,,,grp4
HYL3_tta,20240117111224,10,fl_l,60,56,54,33,12.186380140299802,11.8871682700457,0.0,,,grp4
HYL3_tta,20240117113325,11,fl_r,60,43,21,43,5.2533636037688,7.03012798199667,0.0,,,grp4
GER2_ai94,20231228115304,1,fl_l,60,32,32,22,2.511619251454875,3.3192065841156637,,,,grp2
GER2_ai94,20240103113854,2,fl_l,60,41,43,45,3.7871492677790557,5.620780382565908,,,,grp2
GER2_ai94,20240104114909,3,fl_l,60,47,49,47,4.088655976537785,5.073496376921435,,,,grp2
GER2_ai94,20240105115359,4,fl_l,60,52,53,46,4.384523125317103,6.387138569990165,,,,grp2
GER2_ai94,20240106114021,5,fl_l,60,52,50,45,4.964764811428193,6.973051971284841,,,,grp2
GER2_ai94,20240108112524,6,fl_l,60,56,53,35,6.320150362266145,7.111623425772186,,,,grp2
GER2_ai94,20240110114711,7,fl_l,60,48,46,38,5.233154652990917,6.624436927150499,,,,grp2
GER2_ai94,20240111123200,8,fl_l,60,48,49,41,6.602281289163056,8.18143956581305,,,,grp2
GER2_ai94,20240112113443,9,fl_l,60,49,47,41,4.878464415042549,6.0320188786795494,,,,grp2
GER2_ai94,20240117120826,10,fl_l,60,56,56,46,10.293189181673554,10.446494230970359,,,,grp2
HYL3_tta,20240103093142,1,fl_l,60,31,32,30,6.296068294009584,7.081001438454088,,,,grp2
HYL3_tta,20240104091947,2,fl_l,60,43,44,34,7.394520286184607,7.262316965159505,,,,grp2
HYL3_tta,20240106094535,3,fl_l,60,45,43,31,8.680107842936422,11.081922746565825,,,,grp2
HYL3_tta,20240108100755,4,fl_l,60,55,54,31,8.625302462245696,8.403656204777008,,,,grp2
HYL3_tta,20240109102912,5,fl_l,60,54,52,35,8.966042990439558,8.133797915966225,,,,grp2
HYL3_tta,20240110105525,6,fl_l,60,55,56,27,11.122647215255263,11.763906115988824,,,,grp2
HYL3_tta,20240111103938,7,fl_l,60,56,53,15,9.519420020937929,7.484674183520261,,,,grp2
HYL3_tta,20240112101929,8,fl_l,60,55,56,19,8.743317475326334,8.189147092473533,,,,grp2
HYL3_tta,20240114110004,9,fl_l,60,56,50,20,12.26049522364857,11.914381780484094,,,,grp2
HYL3_tta,20240117111224,10,fl_l,60,56,54,33,12.186380140299782,11.887168270045628,,,,grp2
GER2_ai94,20231228115304,1,fl_l,60,32,32,22,2.511619251454875,3.3192065841156637,,,,grp1
GER2_ai94,20240103113854,2,fl_l,60,41,43,45,3.7871492677790557,5.620780382565908,,,,grp1
GER2_ai94,20240104114909,3,fl_l,60,47,49,47,4.088655976537785,5.073496376921435,,,,grp1
GER2_ai94,20240105115359,3,fl_l,60,52,53,46,4.38452312531712,6.38713856999018,0.0,,,grp1
GER2_ai94,20240117123513,5,fl_r,60,38,34,42,14.820153835826545,17.441523143391358,,,,grp1
HYL3_tta,20240103093142,1,fl_l,60,31,32,30,6.296068294009584,7.081001438454088,,,,grp1
HYL3_tta,20240104091947,2,fl_l,60,43,44,34,7.394520286184607,7.262316965159505,,,,grp1
HYL3_tta,20240106094535,3,fl_l,60,45,43,31,8.680107842936422,11.081922746565825,,,,grp1
HYL3_tta,20240108100755,3,fl_l,60,55,54,31,8.625302462245719,8.403656204777029,0.0,,,grp1
HYL3_tta,20240117113325,5,fl_r,60,43,21,43,5.2533636037687845,7.030127981996656,,,,grp1
GER2_ai94,20240108112524,4,fl_l,60,56,53,35,6.320150362266145,7.111623425772186,,,,grp1
HYL3_tta,20240110105525,4,fl_l,60,55,56,27,11.122647215255263,11.763906115988824,,,,grp1
GER2_ai94,20240118110355,13,fl_r,60,43,26,46,8.06157971137444,8.28639671348696,0.0,,,grp4
GER2_ai94,20240118113602,14,fl_r,60,23,32,23,12.743890009551695,14.362279775423698,0.0,,,grp4
HYL3_tta,20240118095411,12,fl_r,60,47,44,46,8.444330811906099,8.47420130043118,0.0,,,grp4
HYL3_tta,20240118102028,13,fl_r,60,25,28,27,4.05746465941288,4.10420789558318,0.0,,,grp4
GER2_ai94,20240119120432,15,fl_r,60,25,24,25,7.132770675226362,6.111615245152709,0.0,,,grp4
GER2_ai94,20240119124458,16,fl_r,60,21,23,21,15.546808111063699,16.308376708907698,0.0,,,grp4
HYL3_tta,20240119112305,13,fl_r,60,45,27,46,6.7892560340328085,7.67941457179813,0.0,,,grp4
GER2_ai94,20240120125052,17,fl_r,60,25,39,25,11.3061400360579,13.0631662596277,0.0,,,grp4
HYL3_tta,20240120113742,14,fl_r,60,51,54,51,10.5202470929587,7.56105703218542,0.0,,,grp4
HYL3_tta,20240120120309,15,fl_r,60,29,41,29,5.9355351144641615,4.74887702112346,0.0,,,grp4
GER2_ai94,20240121112930,18,fl_r,60,46,32,47,14.442032505999501,15.6753275455875,0.0,,,grp4
HYL3_tta,20240121104207,15,fl_r,60,54,50,52,12.0325350520956,10.226912058550099,0.0,,,grp4
GER2_ai94,20240122100008,19,fl_r,60,53,36,50,14.8496038142062,15.988873586740699,0.0,,,grp4
GER2_ai94,20240122103039,20,fl_r,60,44,45,44,25.6678912637954,27.0296791420012,0.0,,,grp4
GER2_ai94,20240123093727,20,fl_r,60,40,35,39,11.0525316646647,10.5260134117659,0.0,,,grp4
HYL3_tta,20240122085254,17,fl_r,60,46,50,44,8.683757380911269,6.884973679903919,0.0,,,grp4
HYL3_tta,20240122091911,18,fl_r,60,33,41,34,4.926593893541269,4.33947659291408,0.0,,,grp4
HYL3_tta,20240123101852,16,fl_r,60,48,43,51,6.6165860771851905,5.5924834787694,0.0,,,grp4
GER2_ai94,20240118110355,6,fl_r,60,43,26,46,8.061579711374412,8.286396713486932,,,,grp1
GER2_ai94,20240121112930,7,fl_r,60,46,32,47,14.442032505999437,15.67532754558743,,,,grp1
GER2_ai94,20240122100008,8,fl_r,60,53,36,50,14.84960381420615,15.988873586740658,,,,grp1
GER2_ai94,20240122103039,9,fl_r,60,44,45,44,25.667891263795287,27.029679142001108,,,,grp1
HYL3_tta,20240118095411,6,fl_r,60,47,44,46,8.444330811906074,8.474201300431151,,,,grp1
HYL3_tta,20240119112305,7,fl_r,60,45,27,46,6.7892560340327845,7.679414571798102,,,,grp1
HYL3_tta,20240120113742,8,fl_r,60,51,54,51,10.520247092958641,7.5610570321853965,,,,grp1
HYL3_tta,20240121104207,9,fl_r,60,54,50,52,12.032535052095566,10.226912058550056,,,,grp1
HYL3_tta,20240123101852,10,fl_r,60,48,43,51,6.616586077185174,5.592483478769385,,,,grp1
GER2_ai94,20240124111936,21,fl_r,60,40,38,42,9.33200331272281,9.79974052960871,0.0,,,grp4
HYL3_tta,20240124120339,17,fl_r,60,49,44,49,7.82885675531934,7.28334056878048,0.0,,,grp4
GER2_ai94,20240123093727,10,fl_r,60,40,35,39,11.052531664664672,10.526013411765904,,,,grp1
